"PARENT-DIST-NAME","COMPANY-NAME","BRANCH","CUSTNUMBER","CUSTNAME","CUST-COUNTRY","VEND-PART-NO","ARW-PART-NO","INVOICE-NO","INVOICE-LI","INVOICE-DATE","INVOICE-QTY","UNIT-PRICE","CUR-CODE","TRAN-TYPE","NEDA","ACCOUNTING-PERIOD","SHIP-DEBIT-COST","SHIP-DEBIT-CUR-CODE","SHIP-DEBIT-NO"
"ARROW","ARROW ASIA PAC LIMITED","10353","2284838","HIKVISION INTERNATIONAL CO., LTD.","HK","SIT9005AI-12-18ED25.000000E","SIT9005AI-12-18ED25.000000E","292/604090010437","1","20200326","-4000","0.3300","USD","RP","NONEDISITIME","202003","0.2970"," USD",""
"ARROW","ARROW ASIA PAC LIMITED","10353","2284838","HIKVISION INTERNATIONAL CO., LTD.","HK","SIT9005AI-12-18ED25.000000E","SIT9005AI-12-18ED25.000000E","292/604021071182","1","20200324","4000","0.3300","USD","SS","NONEDISITIME","202003","0.2970"," USD",""
"ARROW","ARROW ASIA PAC LIMITED","10353","2284838","HIKVISION INTERNATIONAL CO., LTD.","HK","SIT1572AI-J3-33E-DCC-32.768E","SIT1572AI-J3-33E-DCC-32.768E","292/604021057628","1","20200303","6000","0.3500","USD","SS","NONEDISITIME","202003","0.3150"," USD",""
"ARROW","ARROW ASIA PAC LIMITED","10353","2284375","CHONGQING HIKVISION TECHNOLOGY CO.,","CN","SIT9005AI-22-18ND27.000000E","SIT9005AI-22-18ND27.000000E","292/604021056990","1","20200302","16000","0.3300","USD","SS","NONEDISITIME","202003","0.3030"," USD",""
"ARROW","ARROW ASIA PAC LIMITED","10353","2284375","CHONGQING HIKVISION TECHNOLOGY CO.,","CN","SIT9005AI-22-18ND27.000000E","SIT9005AI-22-18ND27.000000E","292/604021070005","1","20200323","16000","0.3300","USD","SS","NONEDISITIME","202003","0.3030"," USD",""
"ARROW","ARROW ASIA PAC LIMITED","10353","2284375","CHONGQING HIKVISION TECHNOLOGY CO.,","CN","SIT9005AI-22-18ND24000000E","SIT9005AI-22-18ND24000000E","292/604021059830","1","20200306","103000","0.3300","USD","SS","NONEDISITIME","202003","0.3030"," USD",""
"ARROW","ARROW ASIA PAC LIMITED","10353","2284838","HIKVISION INTERNATIONAL CO., LTD.","HK","SIT1552AI-JE-DCC-32.768E","SIT1552AI-JE-DCC-32.768E","292/604021061503","1","20200310","1000","0.5600","USD","SS","NONEDISITIME","202003","0.5100"," USD",""
"ARROW","ARROW ASIA PAC LIMITED","10353","2461556","Hangzhou EZVIZ Network Co., Ltd.","CN","SIT1572AI-J3-33E-DCC-32.768E","SIT1572AI-J3-33E-DCC-32.768E","292/604021058243","1","20200304","57000","0.3500","USD","SS","NONEDISITIME","202003","0.3150"," USD",""
"ARROW","ARROW ASIA PAC LIMITED","10353","2284838","HIKVISION INTERNATIONAL CO., LTD.","HK","SIT9005AI-12-XXND27.000000E","SIT9005AI-12-XXND27.000000E","292/604021057874","1","20200303","30000","0.3300","USD","SS","NONEDISITIME","202003","0.3030"," USD",""
"ARROW","ARROW ASIA PAC LIMITED","10353","2284838","HIKVISION INTERNATIONAL CO., LTD.","HK","SIT9005AI-22-18ND24000000E","SIT9005AI-22-18ND24000000E","292/604021057865","1","20200303","88000","0.3300","USD","SS","NONEDISITIME","202003","0.3030"," USD",""
"ARROW","ARROW ASIA PAC LIMITED","10353","2284838","HIKVISION INTERNATIONAL CO., LTD.","HK","SIT1602BC-12-33E-25.000000D","SIT1602BC-12-33E-25.000000D","292/604021057680","1","20200303","21000","0.1750","USD","SS","NONEDISITIME","202003","0.1580"," USD",""
"ARROW","ARROW ASIA PAC LIMITED","10356","2088384","VTECH COMMUNICATIONS LTD","CN","SIT1602BC-82-33E-24.576000Y","SIT1602BC-82-33E-24.576000Y","292/604021068429","1","20200319","1000","0.4500","USD","SS","NONEDISITIME","202003","0.3960"," USD",""
"ARROW","ARROW ASIA PAC LIMITED","10361","2419952","LAON PEOPLE Inc.","KR","SIT9367AI-2B2-33E644.531250G","SIT9367AI-2B2-33E644.531250G","294/606020078513","1","20200225","1000","5.5000","USD","SS","NONEDISITIME","202003","4.7000"," USD",""
"ARROW","ARROW ELECTRONICS ASIA (S) PTE. LTD","10385","2039739","National Instruments Malaysia Sdn B","MY","SIT8208AI-G3-18E-33.333333T","SIT8208AI-G3-18E-33.333333T","302/624021487077","1","20200324","6000","0.5300","USD","SS","NONEDISITIME","202003","0.3500"," USD",""
"ARROW","ARROW ELECTRONICS ASIA (S) PTE. LTD","6340","2151810","SI2 MICROSYSTEMS PVT LTD","IN","SIT5156AI-FK-33N0-25.000000F","SIT5156AI-FK-33N0-25.000000F","302/624021468577","1","20200302","50","12.5000","USD","SS","NONEDISITIME","202003","10.0000"," USD",""
"ARROW","ARROW ELECTRONICS ASIA (S) PTE. LTD","6367","2022228","JABIL CIRCUIT INDIA PVT. LTD.","IN","SIT8008AC-23-33E-46.080000E","SIT8008AC-23-33E-46.080000E","302/624021466511","1","20200228","2000","0.4500","USD","SS","NONEDISITIME","202003","0.3900"," USD",""
"ARROW","ARROW ELECTRONICS ASIA (S) PTE. LTD","6367","2022228","JABIL CIRCUIT INDIA PVT. LTD.","IN","SIT8008AC-23-33E-16.000000E","SIT8008AC-23-33E-16.000000E","302/624021465871","1","20200227","6000","0.4500","USD","SS","NONEDISITIME","202003","0.3900"," USD",""
"ARROW","ARROW ELECTRONICS ASIA (S) PTE. LTD","6369","2146118","SIEMENS LTD","IN","SIT1602BI-33-33S-25.000000X","SIT1602BI-33-33S-25.000000X","302/624021477400","1","20200312","250","0.3890","USD","SS","NONEDISITIME","202003","0.3500"," USD",""
"ARROW","ARROW ELECTRONICS ASIA (S) PTE. LTD","6377","2023455","BENCHMARK ELECTRONICS (M) SDN BHD","MY","SIT8008BI-23-XXN-12.288000E","SIT8008BI-23-XXN-12.288000E","302/624021478717","1","20200314","1000","0.5120","USD","SS","NONEDISITIME","202003","0.4100"," USD",""
"ARROW","ARROW ELECTRONICS ASIA (S) PTE. LTD","6381","2024551","JABIL CIRCUIT SDN BHD","MY","SIT9002AC-043N33EO200.00000Z","SIT9002AC-043N33EO200.00000Z","302/624021472565","1","20200306","1000","3.0000","USD","SS","NONEDISITIME","202003","2.5100"," USD",""
"ARROW","ARROW ELECTRONICS ASIA (S) PTE. LTD","6402","2022422","JABIL VIETNAM CO.,LTD","VN","SIT5001AI-2E-33N0-25.998450Y","SIT5001AI-2E-33N0-25.998450Y","302/624021472396","1","20200306","2000","2.2500","USD","SS","NONEDISITIME","202003","1.8000"," USD",""
"ARROW","ARROW ELECTRONICS ASIA (S) PTE. LTD","6403","2023789","SPARTRONICS VIETNAM CO., LTD","VN","SIT1602BC-33-33E-40.000000Y","SIT1602BC-33-33E-40.000000Y","302/624021484219","1","20200320","2000","0.4350","USD","SS","NONEDISITIME","202003","0.3790"," USD",""
"ARROW","ARROW ELECTRONICS ASIA (S) PTE. LTD","6403","2023789","SPARTRONICS VIETNAM CO., LTD","VN","SIT1602BC-33-33E-40.000000Y","SIT1602BC-33-33E-40.000000Y","302/624021484219","2","20200320","1000","0.4350","USD","SS","NONEDISITIME","202003","0.3790"," USD",""
"ARROW","ARROW ASIA PAC LIMITED","6725","2088641","WONG'S ELECTRONICS CO., LTD.","HK","SIT8008BI-21-33E-25.000000E","SIT8008BI-21-33E-25.000000E","292/604021056616","1","20200302","1000","0.5100","USD","SS","NONEDISITIME","202003","0.4500"," USD",""
"ARROW","ARROW ASIA PAC LIMITED","6733","2281476","JABIL CIRCUIT (GUANGZHOU) LIMITED","CN","SIT1602AI-23-33E-25.000000E","SIT1602AI-23-33E-25.000000E","292/604021059732","1","20200306","1000","0.2200","USD","SS","NONEDISITIME","202003","0.1950"," USD",""
"ARROW","ARROW ASIA PAC LIMITED","6733","2281476","JABIL CIRCUIT (GUANGZHOU) LIMITED","CN","SIT1602AI-23-33E-25.000000E","SIT1602AI-23-33E-25.000000E","292/604021060029","1","20200306","1000","0.2200","USD","SS","NONEDISITIME","202003","0.1950"," USD",""
"ARROW","ARROW ASIA PAC LIMITED","6733","2281476","JABIL CIRCUIT (GUANGZHOU) LIMITED","CN","SIT1602AI-23-33E-25.000000E","SIT1602AI-23-33E-25.000000E","292/604021061158","1","20200309","1000","0.2200","USD","SS","NONEDISITIME","202003","0.1950"," USD",""
"ARROW","ARROW ASIA PAC LIMITED","6733","2281476","JABIL CIRCUIT (GUANGZHOU) LIMITED","CN","SIT1602AI-23-33E-25.000000E","SIT1602AI-23-33E-25.000000E","292/604021062426","1","20200311","1000","0.2200","USD","SS","NONEDISITIME","202003","0.1950"," USD",""
"ARROW","ARROW ASIA PAC LIMITED","6733","2281476","JABIL CIRCUIT (GUANGZHOU) LIMITED","CN","SIT1602AI-23-33E-25.000000E","SIT1602AI-23-33E-25.000000E","292/604021062432","1","20200311","2000","0.2200","USD","SS","NONEDISITIME","202003","0.1950"," USD",""
"ARROW","ARROW ASIA PAC LIMITED","6733","2281476","JABIL CIRCUIT (GUANGZHOU) LIMITED","CN","SIT1602AC-13-33S-27.000000D","SIT1602AC-13-33S-27.000000D","292/604021064219","1","20200313","3000","0.2900","USD","SS","NONEDISITIME","202003","0.2640"," USD",""
"ARROW","ARROW ASIA PAC LIMITED","6733","2281476","JABIL CIRCUIT (GUANGZHOU) LIMITED","CN","SIT1602AI-23-33E-25.000000E","SIT1602AI-23-33E-25.000000E","292/604021064223","1","20200313","1000","0.2200","USD","SS","NONEDISITIME","202003","0.1950"," USD",""
"ARROW","ARROW ASIA PAC LIMITED","6733","2281476","JABIL CIRCUIT (GUANGZHOU) LIMITED","CN","SIT1602AI-23-33E-25.000000E","SIT1602AI-23-33E-25.000000E","292/604021062525","1","20200311","1000","0.2200","USD","SS","NONEDISITIME","202003","0.1950"," USD",""
"ARROW","ARROW ASIA PAC LIMITED","6733","2281476","JABIL CIRCUIT (GUANGZHOU) LIMITED","CN","SIT1602AC-13-33S-27.000000D","SIT1602AC-13-33S-27.000000D","292/604021063300","1","20200312","3000","0.2900","USD","SS","NONEDISITIME","202003","0.2640"," USD",""
"ARROW","ARROW ASIA PAC LIMITED","6733","2281476","JABIL CIRCUIT (GUANGZHOU) LIMITED","CN","SIT1602AI-23-33E-25.000000E","SIT1602AI-23-33E-25.000000E","292/604021063311","1","20200312","1000","0.2200","USD","SS","NONEDISITIME","202003","0.1950"," USD",""
"ARROW","ARROW ASIA PAC LIMITED","6733","2281476","JABIL CIRCUIT (GUANGZHOU) LIMITED","CN","SIT1602AI-23-33E-25.000000E","SIT1602AI-23-33E-25.000000E","292/604021065885","1","20200317","1000","0.2200","USD","SS","NONEDISITIME","202003","0.1950"," USD",""
"ARROW","ARROW ASIA PAC LIMITED","6733","2281476","JABIL CIRCUIT (GUANGZHOU) LIMITED","CN","SIT1602AI-23-33E-25.000000E","SIT1602AI-23-33E-25.000000E","292/604021066073","1","20200317","1000","0.2200","USD","SS","NONEDISITIME","202003","0.1950"," USD",""
"ARROW","ARROW ASIA PAC LIMITED","6733","2281476","JABIL CIRCUIT (GUANGZHOU) LIMITED","CN","SIT1602AI-23-33E-25.000000E","SIT1602AI-23-33E-25.000000E","292/604021066670","1","20200318","1000","0.2200","USD","SS","NONEDISITIME","202003","0.1950"," USD",""
"ARROW","ARROW ASIA PAC LIMITED","6733","2281476","JABIL CIRCUIT (GUANGZHOU) LIMITED","CN","SIT1602AI-23-33E-25.000000E","SIT1602AI-23-33E-25.000000E","292/604021069694","1","20200323","1000","0.2200","USD","SS","NONEDISITIME","202003","0.1950"," USD",""
"ARROW","ARROW ASIA PAC LIMITED","6733","2281476","JABIL CIRCUIT (GUANGZHOU) LIMITED","CN","SIT1602AI-23-33E-25.000000E","SIT1602AI-23-33E-25.000000E","292/604021069697","1","20200323","1000","0.2200","USD","SS","NONEDISITIME","202003","0.1950"," USD",""
"ARROW","ARROW ASIA PAC LIMITED","6733","2281476","JABIL CIRCUIT (GUANGZHOU) LIMITED","CN","SIT1602AI-23-33E-25.000000E","SIT1602AI-23-33E-25.000000E","292/604021070793","1","20200324","1000","0.2200","USD","SS","NONEDISITIME","202003","0.1950"," USD",""
"ARROW","ARROW ASIA PAC LIMITED","6733","2281476","JABIL CIRCUIT (GUANGZHOU) LIMITED","CN","SIT1602AI-23-33E-25.000000E","SIT1602AI-23-33E-25.000000E","292/604021071433","1","20200325","1000","0.2200","USD","SS","NONEDISITIME","202003","0.1950"," USD",""
"ARROW","ARROW ASIA PAC LIMITED","6733","2281476","JABIL CIRCUIT (GUANGZHOU) LIMITED","CN","SIT1602AI-23-33E-25.000000E","SIT1602AI-23-33E-25.000000E","292/604021072500","1","20200326","1000","0.2200","USD","SS","NONEDISITIME","202003","0.1950"," USD",""
"ARROW","ARROW ASIA PAC LIMITED","6733","2277624","Jabil Precision Industry (Guangzhou","HK","SIT1533AI-H4-DCC-32.768D","SIT1533AI-H4-DCC-32.768D","292/604090010415","1","20200313","-186000","0.0050","USD","RP","NONEDISITIME","202003","0.2000"," USD",""
"ARROW","ARROW ASIA PAC LIMITED","6733","2089096","JABIL CIRCUIT (GUANGZHOU) LIMITED","HK","SIT1602AI-23-33E-50.000000E","SIT1602AI-23-33E-50.000000E","292/604021057978","1","20200303","20000","0.2200","USD","SS","NONEDISITIME","202003","0.1950"," USD",""
"ARROW","ARROW ASIA PAC LIMITED","6733","2089096","JABIL CIRCUIT (GUANGZHOU) LIMITED","HK","SIT8208AIS21-33E-33.333333Y","SIT8208AIS21-33E-33.333333Y","292/604021058111","1","20200304","1000","0.7000","USD","SS","NONEDISITIME","202003","0.6160"," USD",""
"ARROW","ARROW ASIA PAC LIMITED","6733","2089096","JABIL CIRCUIT (GUANGZHOU) LIMITED","HK","SIT1602AI-23-33E-50.000000E","SIT1602AI-23-33E-50.000000E","292/604021068563","1","20200320","20000","0.2200","USD","SS","NONEDISITIME","202003","0.1950"," USD",""
"ARROW","ARROW ASIA PAC LIMITED","6733","2279239","Jabil Precision Industry (Guangzhou","HK","SIT8008BCU13-18N-72.000000E","SIT8008BCU13-18N-72.000000E","292/604021068593","1","20200320","4000","0.2150","USD","SS","NONEDISITIME","202003","0.2000"," USD",""
"ARROW","ARROW ASIA PAC LIMITED","6733","2279239","Jabil Precision Industry (Guangzhou","HK","SIT8008BCU13-18N-72.000000E","SIT8008BCU13-18N-72.000000E","292/604021068594","1","20200320","5000","0.2150","USD","SS","NONEDISITIME","202003","0.2000"," USD",""
"ARROW","ARROW ASIA PAC LIMITED","6733","2279239","Jabil Precision Industry (Guangzhou","HK","SIT8008BCU13-18N-72.000000E","SIT8008BCU13-18N-72.000000E","292/604021072028","1","20200325","2000","0.2150","USD","SS","NONEDISITIME","202003","0.2000"," USD",""
"ARROW","ARROW ASIA PAC LIMITED","6733","2281476","JABIL CIRCUIT (GUANGZHOU) LIMITED","CN","SIT1602AI-23-33E-25.000000E","SIT1602AI-23-33E-25.000000E","292/604021054091","1","20200227","2000","0.2200","USD","SS","NONEDISITIME","202003","0.1950"," USD",""
"ARROW","ARROW ASIA PAC LIMITED","6733","2281476","JABIL CIRCUIT (GUANGZHOU) LIMITED","CN","SIT1602AI-23-33E-25.000000E","SIT1602AI-23-33E-25.000000E","292/604021054859","1","20200228","1000","0.2200","USD","SS","NONEDISITIME","202003","0.1950"," USD",""
"ARROW","ARROW ASIA PAC LIMITED","6733","2281476","JABIL CIRCUIT (GUANGZHOU) LIMITED","CN","SIT1602AI-23-33E-25.000000E","SIT1602AI-23-33E-25.000000E","292/604021057310","1","20200303","1000","0.2200","USD","SS","NONEDISITIME","202003","0.1950"," USD",""
"ARROW","ARROW ASIA PAC LIMITED","6733","2281476","JABIL CIRCUIT (GUANGZHOU) LIMITED","CN","SIT1602AI-23-33E-25.000000E","SIT1602AI-23-33E-25.000000E","292/604021057444","1","20200303","1000","0.2200","USD","SS","NONEDISITIME","202003","0.1950"," USD",""
"ARROW","ARROW ASIA PAC LIMITED","6733","2281476","JABIL CIRCUIT (GUANGZHOU) LIMITED","CN","SIT1602AI-23-33E-25.000000E","SIT1602AI-23-33E-25.000000E","292/604021057113","1","20200303","1000","0.2200","USD","SS","NONEDISITIME","202003","0.1950"," USD",""
"ARROW","ARROW ASIA PAC LIMITED","6756","2207149","Beijing Shuangyiqi Electronic Co.,L","HK","SIT1602BI-13-XXS-27.000000E","SIT1602BI-13-XXS-27.000000E","293/605021964627","3","20200316","2000","0.4800","USD","SS","NONEDISITIME","202003","0.4000"," USD",""
"ARROW","ARROW ASIA PAC LIMITED","6756","2207149","Beijing Shuangyiqi Electronic Co.,L","HK","SIT1602BI-13-18S-33.333300E","SIT1602BI-13-18S-33.333300E","293/605021964627","2","20200316","3000","0.4800","USD","SS","NONEDISITIME","202003","0.3700"," USD",""
"ARROW","ARROW ASIA PAC LIMITED","6756","2207149","Beijing Shuangyiqi Electronic Co.,L","HK","SIT1602BI-13-18S-24.000000E","SIT1602BI-13-18S-24.000000E","293/605021964627","1","20200316","3000","0.4800","USD","SS","NONEDISITIME","202003","0.3700"," USD",""
"ARROW","ARROW ASIA PAC LIMITED","6756","2207149","Beijing Shuangyiqi Electronic Co.,L","HK","SIT9120AI-2B2-XXS200.000000E","SIT9120AI-2B2-XXS200.000000E","293/605021964673","2","20200316","3000","1.7000","USD","SS","NONEDISITIME","202003","1.3800"," USD",""
"ARROW","ARROW ASIA PAC LIMITED","6772","2135636","ZHONGSHAN EUROTEC ELECTRONICS LTD","HK","SIT3808AC-CF-33EX-49.152000Y","SIT3808AC-CF-33EX-49.152000Y","293/605021948890","1","20200304","1000","6.0000","USD","SS","NONEDISITIME","202003","5.1000"," USD",""
"ARROW","ARROW ASIA PAC LIMITED","6772","2135636","ZHONGSHAN EUROTEC ELECTRONICS LTD","HK","SIT3808AC-CF-33EX-45.158400Y","SIT3808AC-CF-33EX-45.158400Y","293/605021948543","1","20200303","1000","6.0000","USD","SS","NONEDISITIME","202003","5.1000"," USD",""
"ARROW","ARROW ASIA PAC LIMITED","6788","2043087","INSPUR ELECTRONIC INFORMATION INDUS","HK","SIT1602AC-33-33E-24.000000Y","SIT1602AC-33-33E-24.000000Y","293/605021966286","1","20200317","9000","0.1850","USD","SS","NONEDISITIME","202003","0.1700"," USD",""
"ARROW","ARROW ASIA PAC LIMITED","6788","2043087","INSPUR ELECTRONIC INFORMATION INDUS","HK","SIT1602AC-33-33E-24.000000Y","SIT1602AC-33-33E-24.000000Y","293/605021966251","1","20200317","1000","0.1850","USD","SS","NONEDISITIME","202003","0.1700"," USD",""
"ARROW","ARROW ASIA PAC LIMITED","6788","2043087","INSPUR ELECTRONIC INFORMATION INDUS","HK","SIT8008BI-21-18E-100.000000E","SIT8008BI-21-18E-100.000000E","293/605021973142","1","20200320","6000","0.3800","USD","SS","NONEDISITIME","202003","0.3300"," USD",""
"ARROW","ARROW ASIA PAC LIMITED","6788","2043087","INSPUR ELECTRONIC INFORMATION INDUS","HK","SIT8008BI-21-18E-100.000000E","SIT8008BI-21-18E-100.000000E","293/605021974518","1","20200323","10000","0.3800","USD","SS","NONEDISITIME","202003","0.3300"," USD",""
"ARROW","ARROW ASIA PAC LIMITED","6788","2043087","INSPUR ELECTRONIC INFORMATION INDUS","HK","SIT8008BI-21-18E-100.000000E","SIT8008BI-21-18E-100.000000E","293/605021971068","1","20200319","6000","0.3800","USD","SS","NONEDISITIME","202003","0.3300"," USD",""
"ARROW","ARROW ASIA PAC LIMITED","6788","2043087","INSPUR ELECTRONIC INFORMATION INDUS","HK","SIT9120AI-2D2-33E150.000000Y","SIT9120AI-2D2-33E150.000000Y","293/605021975395","1","20200323","3000","0.7900","USD","SS","NONEDISITIME","202003","0.7110"," USD",""
"ARROW","ARROW ASIA PAC LIMITED","6788","2043087","INSPUR ELECTRONIC INFORMATION INDUS","HK","SIT8008BI-21-18E-100.000000E","SIT8008BI-21-18E-100.000000E","293/605021971095","1","20200319","1000","0.3800","USD","SS","NONEDISITIME","202003","0.3300"," USD",""
"ARROW","ARROW ASIA PAC LIMITED","6788","2043087","INSPUR ELECTRONIC INFORMATION INDUS","HK","SIT1602AI-12-18E-75.000000E","SIT1602AI-12-18E-75.000000E","293/605021970967","1","20200319","24000","0.2100","USD","SS","NONEDISITIME","202003","0.1900"," USD",""
"ARROW","ARROW ASIA PAC LIMITED","6788","2043087","INSPUR ELECTRONIC INFORMATION INDUS","HK","SIT1602AI-12-18E-75.000000E","SIT1602AI-12-18E-75.000000E","293/605021959781","1","20200311","36000","0.2100","USD","SS","NONEDISITIME","202003","0.1900"," USD",""
"ARROW","ARROW ASIA PAC LIMITED","6788","2043087","INSPUR ELECTRONIC INFORMATION INDUS","HK","SIT8008BI-21-18E-100.000000E","SIT8008BI-21-18E-100.000000E","293/605021971094","1","20200319","3000","0.3800","USD","SS","NONEDISITIME","202003","0.3300"," USD",""
"ARROW","ARROW ASIA PAC LIMITED","6788","2043087","INSPUR ELECTRONIC INFORMATION INDUS","HK","SIT8008BI-21-18E-100.000000E","SIT8008BI-21-18E-100.000000E","293/605021959813","1","20200311","1000","0.3800","USD","SS","NONEDISITIME","202003","0.3300"," USD",""
"ARROW","ARROW ASIA PAC LIMITED","6802","2045340","FLEXTRONICS ELECTRONICS TECHNOLOGY ","CN","SIT8008BC-83-33N-48.000000Y","SIT8008BC-83-33N-48.000000Y","293/605021971603","1","20200320","1000","0.4500","USD","SS","NONEDISITIME","202003","0.3600"," USD",""
"ARROW","ARROW ASIA PAC LIMITED","6804","2212799","JABIL CIRCUIT (WUXI) CO., LTD.","CN","SIT1562AI-JE-DCC-32.768Q","SIT1562AI-JE-DCC-32.768Q","293/605021977849","1","20200325","5000","0.3437","USD","SS","NONEDISITIME","202003","0.3238"," USD",""
"ARROW","ARROW ASIA PAC LIMITED","6804","2051167","JABIL CIRCUIT (SHANGHAI) LTD","CN","SIT8008AI-12-25E-24.000000E","SIT8008AI-12-25E-24.000000E","293/605021974511","1","20200323","4000","0.2600","USD","SS","NONEDISITIME","202003","0.2340"," USD",""
"ARROW","ARROW ASIA PAC LIMITED","6804","2051167","JABIL CIRCUIT (SHANGHAI) LTD","CN","SIT8008AI-12-33E-25.000000E","SIT8008AI-12-33E-25.000000E","293/605021973140","1","20200320","4000","0.2600","USD","SS","NONEDISITIME","202003","0.2340"," USD",""
"ARROW","ARROW ASIA PAC LIMITED","6804","2051167","JABIL CIRCUIT (SHANGHAI) LTD","CN","SIT8008AI-12-33E-25.000000E","SIT8008AI-12-33E-25.000000E","293/605021973139","1","20200320","4000","0.2600","USD","SS","NONEDISITIME","202003","0.2340"," USD",""
"ARROW","ARROW ASIA PAC LIMITED","6804","2051167","JABIL CIRCUIT (SHANGHAI) LTD","CN","SIT8008AI-12-25E-24.000000E","SIT8008AI-12-25E-24.000000E","293/605021971689","1","20200320","2000","0.2600","USD","SS","NONEDISITIME","202003","0.2340"," USD",""
"ARROW","ARROW ASIA PAC LIMITED","6804","2051167","JABIL CIRCUIT (SHANGHAI) LTD","CN","SIT8008AI-12-25E-24.000000E","SIT8008AI-12-25E-24.000000E","293/605021971574","1","20200320","4000","0.2600","USD","SS","NONEDISITIME","202003","0.2340"," USD",""
"ARROW","ARROW ASIA PAC LIMITED","6804","2212799","JABIL CIRCUIT (WUXI) CO., LTD.","CN","SIT1532AC-J5-DCC-32.768D","SIT1532AC-J5-DCC-32.768D","293/605021969941","1","20200319","21000","0.1636","USD","SS","NONEDISITIME","202003","0.1562"," USD",""
"ARROW","ARROW ASIA PAC LIMITED","6804","2212799","JABIL CIRCUIT (WUXI) CO., LTD.","CN","SIT1532AC-J5-DCC-32.768D","SIT1532AC-J5-DCC-32.768D","293/605021969639","1","20200319","18000","0.1636","USD","SS","NONEDISITIME","202003","0.1562"," USD",""
"ARROW","ARROW ASIA PAC LIMITED","6804","2212799","JABIL CIRCUIT (WUXI) CO., LTD.","CN","SIT1532AC-J5-DCC-32.768D","SIT1532AC-J5-DCC-32.768D","293/605021969616","1","20200319","18000","0.1636","USD","SS","NONEDISITIME","202003","0.1562"," USD",""
"ARROW","ARROW ASIA PAC LIMITED","6804","2051167","JABIL CIRCUIT (SHANGHAI) LTD","CN","SIT8008AI-12-25E-24.000000E","SIT8008AI-12-25E-24.000000E","293/605021968178","1","20200318","4000","0.2600","USD","SS","NONEDISITIME","202003","0.2340"," USD",""
"ARROW","ARROW ASIA PAC LIMITED","6804","2051167","JABIL CIRCUIT (SHANGHAI) LTD","CN","SIT8008AI-12-25E-24.000000E","SIT8008AI-12-25E-24.000000E","293/605021968084","1","20200318","4000","0.2600","USD","SS","NONEDISITIME","202003","0.2340"," USD",""
"ARROW","ARROW ASIA PAC LIMITED","6804","2051167","JABIL CIRCUIT (SHANGHAI) LTD","CN","SIT8008AI-12-33E-48.000000E","SIT8008AI-12-33E-48.000000E","293/605021983360","1","20200327","3000","0.2600","USD","SS","NONEDISITIME","202003","0.2340"," USD",""
"ARROW","ARROW ASIA PAC LIMITED","6804","2051167","JABIL CIRCUIT (SHANGHAI) LTD","CN","SIT8008AI-12-25E-24.000000E","SIT8008AI-12-25E-24.000000E","293/605021964268","1","20200316","4000","0.2600","USD","SS","NONEDISITIME","202003","0.2340"," USD",""
"ARROW","ARROW ASIA PAC LIMITED","6804","2051167","JABIL CIRCUIT (SHANGHAI) LTD","CN","SIT8008AI-12-33E-25.000000E","SIT8008AI-12-33E-25.000000E","293/605021956007","1","20200309","3000","0.2600","USD","SS","NONEDISITIME","202003","0.2340"," USD",""
"ARROW","ARROW ASIA PAC LIMITED","6804","2051167","JABIL CIRCUIT (SHANGHAI) LTD","CN","SIT9001AI-23-33E2-24.00000T","SIT9001AI-23-33E2-24.00000T","293/605021978150","1","20200325","3000","0.9100","USD","SS","NONEDISITIME","202003","0.8190"," USD",""
"ARROW","ARROW ASIA PAC LIMITED","6804","2051167","JABIL CIRCUIT (SHANGHAI) LTD","CN","SIT9001AI-23-33E2-24.00000T","SIT9001AI-23-33E2-24.00000T","293/605021975912","1","20200324","3000","0.9100","USD","SS","NONEDISITIME","202003","0.8190"," USD",""
"ARROW","ARROW ASIA PAC LIMITED","6804","2047904","JABIL CIRCUIT (WUXI) CO., LTD.","CN","SIT9120AI-1B2-33E25.000000X","SIT9120AI-1B2-33E25.000000X","293/605021955014","1","20200309","500","1.5000","USD","SS","NONEDISITIME","202003","1.3500"," USD",""
"ARROW","ARROW ASIA PAC LIMITED","6804","2047904","JABIL CIRCUIT (WUXI) CO., LTD.","CN","SIT9120AI-1D2-33E75.000000T","SIT9120AI-1D2-33E75.000000T","293/605021951117","1","20200305","3000","0.8350","USD","SS","NONEDISITIME","202003","0.7735"," USD",""
"ARROW","ARROW ASIA PAC LIMITED","6804","2051167","JABIL CIRCUIT (SHANGHAI) LTD","CN","SIT9001AI-23-33E2-24.00000T","SIT9001AI-23-33E2-24.00000T","293/605021966001","1","20200317","3000","0.9100","USD","SS","NONEDISITIME","202003","0.8190"," USD",""
"ARROW","ARROW ASIA PAC LIMITED","6804","2051167","JABIL CIRCUIT (SHANGHAI) LTD","CN","SIT8008AI-12-33E-25.000000E","SIT8008AI-12-33E-25.000000E","293/605021947053","1","20200302","3000","0.2600","USD","SS","NONEDISITIME","202003","0.2340"," USD",""
"ARROW","ARROW ASIA PAC LIMITED","6804","2051167","JABIL CIRCUIT (SHANGHAI) LTD","CN","SIT8008AI-12-33E-25.000000E","SIT8008AI-12-33E-25.000000E","293/605021947052","1","20200302","3000","0.2600","USD","SS","NONEDISITIME","202003","0.2340"," USD",""
"ARROW","ARROW ASIA PAC LIMITED","6804","2051167","JABIL CIRCUIT (SHANGHAI) LTD","CN","SIT9001AI-23-33E2-24.00000T","SIT9001AI-23-33E2-24.00000T","293/605021956328","1","20200310","3000","0.9100","USD","SS","NONEDISITIME","202003","0.8190"," USD",""
"ARROW","ARROW ASIA PAC LIMITED","6804","2051167","JABIL CIRCUIT (SHANGHAI) LTD","CN","SIT9001AI-23-33E2-24.00000T","SIT9001AI-23-33E2-24.00000T","293/605021956317","1","20200310","3000","0.9100","USD","SS","NONEDISITIME","202003","0.8190"," USD",""
"ARROW","ARROW ASIA PAC LIMITED","6807","2042451","SANMINA-SCI SYSTEMS (KUN SHAN) CO.,","CN","SIT5904AB-WQ-33E0-20.000000X","SIT5904AB-WQ-33E0-20.000000X","293/605021966294","1","20200317","500","6.4900","USD","SS","NONEDISITIME","202003","5.9708"," USD",""
"ARROW","ARROW ASIA PAC LIMITED","6807","2042451","SANMINA-SCI SYSTEMS (KUN SHAN) CO.,","CN","SIT5904AB-WQ-33E0-20.000000X","SIT5904AB-WQ-33E0-20.000000X","293/605021944252","1","20200228","825","6.4900","USD","SS","NONEDISITIME","202003","5.9708"," USD",""
"ARROW","ARROW ASIA PAC LIMITED","6807","2042451","SANMINA-SCI SYSTEMS (KUN SHAN) CO.,","CN","SIT5904AB-WQ-33E0-20.000000X","SIT5904AB-WQ-33E0-20.000000X","293/605021981089","1","20200326","250","6.4900","USD","SS","NONEDISITIME","202003","5.9708"," USD",""
"ARROW","ARROW ASIA PAC LIMITED","6807","2042451","SANMINA-SCI SYSTEMS (KUN SHAN) CO.,","CN","SIT5904AB-WQ-33E0-20.000000X","SIT5904AB-WQ-33E0-20.000000X","293/605021966247","1","20200317","750","6.4900","USD","SS","NONEDISITIME","202003","5.9708"," USD",""
"ARROW","ARROW ASIA PAC LIMITED","6807","2042451","SANMINA-SCI SYSTEMS (KUN SHAN) CO.,","CN","SIT95148AI-A00010-Y","SIT95148AI-A00010-Y","293/605021937405","1","20200224","1000","6.9100","USD","SS","NONEDISITIME","202003","7.7700"," USD",""
"ARROW","ARROW ASIA PAC LIMITED","6807","2042451","SANMINA-SCI SYSTEMS (KUN SHAN) CO.,","CN","SIT5904AB-WQ-33E0-20.000000X","SIT5904AB-WQ-33E0-20.000000X","293/605021944277","1","20200228","250","6.4900","USD","SS","NONEDISITIME","202003","5.9708"," USD",""
"ARROW","ARROW ASIA PAC LIMITED","6807","2042451","SANMINA-SCI SYSTEMS (KUN SHAN) CO.,","CN","SIT5904AB-WQ-33E0-20.000000X","SIT5904AB-WQ-33E0-20.000000X","293/605021944277","2","20200228","175","6.4900","USD","SS","NONEDISITIME","202003","5.9708"," USD",""
"ARROW","ARROW ASIA PAC LIMITED","6807","2042451","SANMINA-SCI SYSTEMS (KUN SHAN) CO.,","CN","SIT5904AB-WQ-33E0-20.000000X","SIT5904AB-WQ-33E0-20.000000X","293/605021941506","1","20200226","1500","6.4900","USD","SS","NONEDISITIME","202003","5.9708"," USD",""
"ARROW","ARROW ASIA PAC LIMITED","6807","2042451","SANMINA-SCI SYSTEMS (KUN SHAN) CO.,","CN","SIT95148AI-A00010-Y","SIT95148AI-A00010-Y","293/605021943861","1","20200228","1000","6.9100","USD","SS","NONEDISITIME","202003","7.7700"," USD",""
"ARROW","ARROW ASIA PAC LIMITED","6807","2042451","SANMINA-SCI SYSTEMS (KUN SHAN) CO.,","CN","SIT5904AB-WQ-33E0-20.000000X","SIT5904AB-WQ-33E0-20.000000X","293/605021967394","1","20200317","750","6.4900","USD","SS","NONEDISITIME","202003","5.9708"," USD",""
"ARROW","ARROW ASIA PAC LIMITED","6807","2042451","SANMINA-SCI SYSTEMS (KUN SHAN) CO.,","CN","SIT5904AB-WQ-33E0-20.000000X","SIT5904AB-WQ-33E0-20.000000X","293/605021966614","1","20200317","500","6.4900","USD","SS","NONEDISITIME","202003","5.9708"," USD",""
"ARROW","ARROW ASIA PAC LIMITED","6844","2193772","BYD (H.K.) CO.,LIMITED","HK","SIT9002AI-232N33DO90.00000Y","SIT9002AI-232N33DO90.00000Y","293/605021977746","1","20200325","1000","2.4900","USD","SS","NONEDISITIME","202003","2.2900"," USD",""
"ARROW","ARROW ASIA PAC LIMITED","6844","2193772","BYD (H.K.) CO.,LIMITED","HK","SIT9002AI-233N33DQ100.00000Y","SIT9002AI-233N33DQ100.00000Y","293/605021977877","1","20200325","1000","2.5300","USD","SS","NONEDISITIME","202003","2.3300"," USD",""
"ARROW","ARROW ASIA PAC LIMITED","6844","2193772","BYD (H.K.) CO.,LIMITED","HK","SIT8008BI-12-18E-100.000000E","SIT8008BI-12-18E-100.000000E","293/605021946137","1","20200302","1000","0.4200","USD","SS","NONEDISITIME","202003","0.3860"," USD",""
"ARROW","ARROW ASIA PAC LIMITED","6844","2193772","BYD (H.K.) CO.,LIMITED","HK","SIT8008BI-12-18E-100.000000E","SIT8008BI-12-18E-100.000000E","293/605021962080","1","20200313","1000","0.4200","USD","SS","NONEDISITIME","202003","0.3860"," USD",""
"ARROW","ARROW ASIA PAC LIMITED","6845","2328508","DJI Baiwang Technology Co. Ltd.","HK","SIT1602BI-22-18E-24.000000D","SIT1602BI-22-18E-24.000000D","293/605021954064","1","20200306","3000","0.1490","USD","SS","NONEDISITIME","202003","0.1350"," USD",""
"ARROW","ARROW ASIA PAC LIMITED","6845","2328563","SZ DJI Ronin Technology Co.,Ltd.","HK","SIT8009BI-12-33E-115.200000E","SIT8009BI-12-33E-115.200000E","293/605021981341","1","20200326","3000","0.6790","USD","SS","NONEDISITIME","202003","0.4850"," USD",""
"ARROW","ARROW ASIA PAC LIMITED","6845","2328563","SZ DJI Ronin Technology Co.,Ltd.","HK","SIT8009BI-12-33E-115.200000E","SIT8009BI-12-33E-115.200000E","293/605021951121","1","20200305","1000","0.6790","USD","SS","NONEDISITIME","202003","0.4850"," USD",""
"ARROW","ARROW ASIA PAC LIMITED","6845","2328563","SZ DJI Ronin Technology Co.,Ltd.","HK","SIT8008BI-12-18E-24.000000D","SIT8008BI-12-18E-24.000000D","293/605021947573","1","20200303","3000","0.1450","USD","SS","NONEDISITIME","202003","0.1310"," USD",""
"ARROW","ARROW ASIA PAC LIMITED","6845","2328563","SZ DJI Ronin Technology Co.,Ltd.","HK","SIT8008BI-12-18E-24.000000D","SIT8008BI-12-18E-24.000000D","293/605021947534","1","20200303","12000","0.1450","USD","SS","NONEDISITIME","202003","0.1310"," USD",""
"ARROW","ARROW ASIA PAC LIMITED","6845","2328563","SZ DJI Ronin Technology Co.,Ltd.","HK","SIT8008BI-12-18E-24.000000D","SIT8008BI-12-18E-24.000000D","293/605021947486","1","20200303","18000","0.1450","USD","SS","NONEDISITIME","202003","0.1310"," USD",""
"ARROW","ARROW ASIA PAC LIMITED","6845","2328508","DJI Baiwang Technology Co. Ltd.","HK","SIT1602BI-22-18E-24.000000D","SIT1602BI-22-18E-24.000000D","293/605021943185","1","20200227","9000","0.1490","USD","SS","NONEDISITIME","202003","0.1350"," USD",""
"ARROW","ARROW ASIA PAC LIMITED","6846","2043565","CHENG UEI PRECISION INDUSTRY CO., L","HK","SIT8008BIA12-33E-48.000000E","SIT8008BIA12-33E-48.000000E","293/605021961819","1","20200313","11000","0.2200","USD","SS","NONEDISITIME","202003","0.2020"," USD",""
"ARROW","ARROW ASIA PAC LIMITED","6846","2043565","CHENG UEI PRECISION INDUSTRY CO., L","HK","SIT8008BIA12-33E-48.000000E","SIT8008BIA12-33E-48.000000E","293/605021962224","1","20200313","14000","0.2200","USD","SS","NONEDISITIME","202003","0.2020"," USD",""
"ARROW","ARROW ASIA PAC LIMITED","6846","2043565","CHENG UEI PRECISION INDUSTRY CO., L","HK","SIT8008BIA12-33E-48.000000E","SIT8008BIA12-33E-48.000000E","293/605021976350","1","20200324","11000","0.2200","USD","SS","NONEDISITIME","202003","0.2020"," USD",""
"ARROW","ARROW ASIA PAC LIMITED","6846","2043565","CHENG UEI PRECISION INDUSTRY CO., L","HK","SIT8008BIA12-33E-48.000000E","SIT8008BIA12-33E-48.000000E","293/605021976402","1","20200324","19000","0.2200","USD","SS","NONEDISITIME","202003","0.2020"," USD",""
"ARROW","ARROW ASIA PAC LIMITED","6860","2046318","COMPEQ MANUFACTURING (SUZHOU) CO., ","HK","SIT1552AI-JE-DCC-32.768E","SIT1552AI-JE-DCC-32.768E","293/605021942320","1","20200227","4000","0.3350","USD","SS","NONEDISITIME","202003","0.3200"," USD",""
"ARROW","ARROW ASIA PAC LIMITED","6860","2046318","COMPEQ MANUFACTURING (SUZHOU) CO., ","HK","SIT1570AI-J7-DCC-32.768E","SIT1570AI-J7-DCC-32.768E","293/605021977580","1","20200324","13000","0.1636","USD","SS","NONEDISITIME","202003","0.1579"," USD",""
"ARROW","ARROW ASIA PAC LIMITED","6860","2049826","COMPEQ TECHNOLOGY (HUIZHOU) CO.,LTD","HK","SIT8021AC-J3-18S-16.000000D","SIT8021AC-J3-18S-16.000000D","293/605021962212","1","20200313","15000","0.3400","USD","SS","NONEDISITIME","202003","0.3247"," USD",""
"ARROW","ARROW ASIA PAC LIMITED","6860","2049826","COMPEQ TECHNOLOGY (HUIZHOU) CO.,LTD","HK","SIT8021AC-J3-18S-16.000000D","SIT8021AC-J3-18S-16.000000D","293/605021952251","2","20200305","21000","0.3400","USD","SS","NONEDISITIME","202003","0.3247"," USD",""
"ARROW","ARROW ASIA PAC LIMITED","6860","2049826","COMPEQ TECHNOLOGY (HUIZHOU) CO.,LTD","HK","SIT8021AC-J3-18S-16.000000D","SIT8021AC-J3-18S-16.000000D","293/605021980336","1","20200326","21000","0.3400","USD","SS","NONEDISITIME","202003","0.3247"," USD",""
"ARROW","ARROW ASIA PAC LIMITED","6860","2046318","COMPEQ MANUFACTURING (SUZHOU) CO., ","HK","SIT1552AI-JE-DCC-32.768E","SIT1552AI-JE-DCC-32.768E","293/605021977588","1","20200324","1000","0.3350","USD","SS","NONEDISITIME","202003","0.3200"," USD",""
"ARROW","ARROW ASIA PAC LIMITED","6860","2046318","COMPEQ MANUFACTURING (SUZHOU) CO., ","HK","SIT1552AI-JE-DCC-32.768E","SIT1552AI-JE-DCC-32.768E","293/605021977536","1","20200324","3000","0.3350","USD","SS","NONEDISITIME","202003","0.3200"," USD",""
"ARROW","ARROW ASIA PAC LIMITED","6860","2046318","COMPEQ MANUFACTURING (SUZHOU) CO., ","HK","SIT1552AI-JE-DCC-32.768E","SIT1552AI-JE-DCC-32.768E","293/605021977514","1","20200324","5000","0.3350","USD","SS","NONEDISITIME","202003","0.3200"," USD",""
"ARROW","ARROW ASIA PAC LIMITED","6860","2049826","COMPEQ TECHNOLOGY (HUIZHOU) CO.,LTD","HK","SIT8021AC-J3-18S-16.000000D","SIT8021AC-J3-18S-16.000000D","293/605021952251","1","20200305","42000","0.3400","USD","SS","NONEDISITIME","202003","0.3247"," USD",""
"ARROW","ARROW ASIA PAC LIMITED","6862","2046232","INNOLIGHT TECHNOLOGY (SUZHOU) LTD.","CN","SIT9365AI-1B2-33E156.250000E","SIT9365AI-1B2-33E156.250000E","293/605021965807","1","20200317","11000","1.6000","USD","SS","NONEDISITIME","202003","1.4400"," USD",""
"ARROW","ARROW ASIA PAC LIMITED","6862","2046232","INNOLIGHT TECHNOLOGY (SUZHOU) LTD.","CN","SIT9365AI-1B2-33E156.250000E","SIT9365AI-1B2-33E156.250000E","293/605021947669","1","20200303","12000","1.6000","USD","SS","NONEDISITIME","202003","1.4400"," USD",""
"ARROW","ARROW ASIA PAC LIMITED","6862","2048582","NORAUTRON SUZHOU CO., LTD.","CN","SIT8008BIL11-33S-24.806000D","SIT8008BIL11-33S-24.806000D","293/605021965472","1","20200316","3000","0.4800","USD","SS","NONEDISITIME","202003","0.4490"," USD",""
"ARROW","ARROW ASIA PAC LIMITED","6862","2048582","NORAUTRON SUZHOU CO., LTD.","CN","SIT8008BIL11-33S-24.806000D","SIT8008BIL11-33S-24.806000D","293/605021965470","1","20200316","3000","0.4800","USD","SS","NONEDISITIME","202003","0.4490"," USD",""
"ARROW","ARROW ASIA PAC LIMITED","6862","2048582","NORAUTRON SUZHOU CO., LTD.","CN","SIT9121AI-2D3-XXE200.000000Y","SIT9121AI-2D3-XXE200.000000Y","293/605021965448","1","20200316","1000","2.6200","USD","SS","NONEDISITIME","202003","1.9800"," USD",""
"ARROW","ARROW ASIA PAC LIMITED","6870","2137878","tianjin geneuo technology co.,ltd","HK","SIT1602AI-82-33E-48.000000Y","SIT1602AI-82-33E-48.000000Y","293/605021942462","1","20200227","1000","0.2800","USD","SS","NONEDISITIME","202003","0.2500"," USD",""
"ARROW","ARROW ASIA PAC LIMITED","6870","2137878","tianjin geneuo technology co.,ltd","HK","SIT1602BI-11-33N-25.000000E","SIT1602BI-11-33N-25.000000E","293/605021942381","1","20200227","1000","0.3500","USD","SS","NONEDISITIME","202003","0.3000"," USD",""
"ARROW","ARROW ELECTRONICS TAIWAN LTD.","6871","2403016","Super Pioneer Technology LTD.","TW","SIT5356AECFN-33VT-30.400000","SIT5356AECFN-33VT-30.400000","884/633020624998","1","20200306","10","70.0000","USD","SS","NONEDISITIME","202003","57.2880"," USD",""
"ARROW","ARROW ELECTRONICS TAIWAN LTD.","6878","2078582","ALTEK (KUNSHAN) CO., LTD.","CN","SIT8924AE-28-28E-27.000000E","SIT8924AE-28-28E-27.000000E","884/633020623401","1","20200304","1000","0.3980","USD","SS","NONEDISITIME","202003","0.3560"," USD",""
"ARROW","ARROW ELECTRONICS TAIWAN LTD.","6878","2078582","ALTEK (KUNSHAN) CO., LTD.","CN","SIT1533AC-H5-DCC-32.768E","SIT1533AC-H5-DCC-32.768E","884/633020622944","2","20200303","7000","0.1970","USD","SS","NONEDISITIME","202003","0.1770"," USD",""
"ARROW","ARROW ELECTRONICS TAIWAN LTD.","6878","2080089","ATOP TECHNOLOGIES, INC.","TW","SIT9365AI-1EF-33E25.000000X","SIT9365AI-1EF-33E25.000000X","884/633020625695","2","20200309","250","6.0000","USD","SS","NONEDISITIME","202003","5.5200"," USD",""
"ARROW","ARROW ELECTRONICS TAIWAN LTD.","6878","2078582","ALTEK (KUNSHAN) CO., LTD.","CN","1602AC-22-18S-54.000000E","1602AC-22-18S-54.000000E","884/633020626398","1","20200310","4000","0.2600","USD","SS","NONEDISITIME","202003","0.2220"," USD",""
"ARROW","ARROW ELECTRONICS TAIWAN LTD.","6878","2078582","ALTEK (KUNSHAN) CO., LTD.","CN","1602AC-22-18S-54.000000E","1602AC-22-18S-54.000000E","884/633020622944","1","20200303","8000","0.2600","USD","SS","NONEDISITIME","202003","0.2220"," USD",""
"ARROW","ARROW ELECTRONICS TAIWAN LTD.","6878","2082272","OTOBRITE ELECTRONICS INC.","TW","SIT2018BEES3-18N-27.000000E","SIT2018BEES3-18N-27.000000E","884/633020622806","1","20200303","4000","0.2600","USD","SS","NONEDISITIME","202003","0.2400"," USD",""
"ARROW","ARROW ELECTRONICS TAIWAN LTD.","6878","2078582","ALTEK (KUNSHAN) CO., LTD.","CN","SIT1533AC-H5-DCC-32.768E","SIT1533AC-H5-DCC-32.768E","884/633020622777","1","20200303","1000","0.1970","USD","SS","NONEDISITIME","202003","0.1770"," USD",""
"ARROW","ARROW ELECTRONICS TAIWAN LTD.","6878","2078582","ALTEK (KUNSHAN) CO., LTD.","CN","SIT1533AC-H5-DCC-32.768E","SIT1533AC-H5-DCC-32.768E","884/633020622775","1","20200303","2000","0.1970","USD","SS","NONEDISITIME","202003","0.1770"," USD",""
"ARROW","ARROW ELECTRONICS TAIWAN LTD.","6878","2078582","ALTEK (KUNSHAN) CO., LTD.","CN","SIT1533AC-H5-DCC-32.768E","SIT1533AC-H5-DCC-32.768E","884/633020622774","1","20200303","3000","0.1970","USD","SS","NONEDISITIME","202003","0.1770"," USD",""
"ARROW","ARROW ELECTRONICS TAIWAN LTD.","6878","2078582","ALTEK (KUNSHAN) CO., LTD.","CN","1602AC-22-18S-54.000000E","1602AC-22-18S-54.000000E","884/633020626422","1","20200310","4000","0.2600","USD","SS","NONEDISITIME","202003","0.2220"," USD",""
"ARROW","ARROW ELECTRONICS TAIWAN LTD.","6878","2151239","WISTRON NEWEB CORPORATION","TW","SIT1552AI-JE-DCC-32.768D","SIT1552AI-JE-DCC-32.768D","884/633020630452","1","20200320","3000","0.6600","USD","SS","NONEDISITIME","202003","0.5900"," USD",""
"ARROW","ARROW ELECTRONICS TAIWAN LTD.","6878","2082272","OTOBRITE ELECTRONICS INC.","TW","SIT2018BEES3-18N-27.000000E","SIT2018BEES3-18N-27.000000E","884/633020634471","1","20200327","8000","0.2600","USD","SS","NONEDISITIME","202003","0.2400"," USD",""
"ARROW","ARROW ELECTRONICS TAIWAN LTD.","6878","2082272","OTOBRITE ELECTRONICS INC.","TW","SIT2018BE-S3-18N-20.000000E","SIT2018BE-S3-18N-20.000000E","884/633020634076","1","20200326","4000","0.2600","USD","SS","NONEDISITIME","202003","0.2400"," USD",""
"ARROW","ARROW ELECTRONICS TAIWAN LTD.","6878","2078582","ALTEK (KUNSHAN) CO., LTD.","CN","1602AC-22-18S-54.000000E","1602AC-22-18S-54.000000E","884/633020631526","1","20200324","8000","0.2600","USD","SS","NONEDISITIME","202003","0.2220"," USD",""
"ARROW","ARROW ELECTRONICS TAIWAN LTD.","6878","2080089","ATOP TECHNOLOGIES, INC.","TW","SIT9365AI-1EF-33E125.000000X","SIT9365AI-1EF-33E125.000000X","884/633020625695","1","20200309","250","7.2000","USD","SS","NONEDISITIME","202003","6.6240"," USD",""
"ARROW","ARROW ELECTRONICS TAIWAN LTD.","6878","2080089","ATOP TECHNOLOGIES, INC.","TW","SIT9365AI-1EF-33E156.250000X","SIT9365AI-1EF-33E156.250000X","884/633020624494","1","20200305","250","7.5000","USD","SS","NONEDISITIME","202003","6.9000"," USD",""
"ARROW","ARROW ELECTRONICS TAIWAN LTD.","6888","2129577","DONGGUAN PRIMAX ELECTRONIC & TELECO","HK","SIT1533AI-H4-DCC-32.768E","SIT1533AI-H4-DCC-32.768E","884/633020631476","1","20200324","3000","0.4830","USD","SS","NONEDISITIME","202003","0.3780"," USD",""
"ARROW","ARROW ELECTRONICS TAIWAN LTD.","6888","2129577","DONGGUAN PRIMAX ELECTRONIC & TELECO","HK","SIT8924BET12-18E-49.500000D","SIT8924BET12-18E-49.500000D","884/633020631493","1","20200324","3000","0.3400","USD","SS","NONEDISITIME","202003","0.3050"," USD",""
"ARROW","ARROW ELECTRONICS TAIWAN LTD.","6888","2129577","DONGGUAN PRIMAX ELECTRONIC & TELECO","HK","SIT1533AI-H4-DCC-32.768E","SIT1533AI-H4-DCC-32.768E","884/633020631503","1","20200324","12000","0.4830","USD","SS","NONEDISITIME","202003","0.3780"," USD",""
"ARROW","ARROW ELECTRONICS TAIWAN LTD.","6888","2129577","DONGGUAN PRIMAX ELECTRONIC & TELECO","HK","SIT1533AI-H4-DCC-32.768E","SIT1533AI-H4-DCC-32.768E","884/633020631461","1","20200324","5000","0.4830","USD","SS","NONEDISITIME","202003","0.3780"," USD",""
"ARROW","ARROW ELECTRONICS TAIWAN LTD.","6888","2129577","DONGGUAN PRIMAX ELECTRONIC & TELECO","HK","SIT1533AI-H4-DCC-32.768E","SIT1533AI-H4-DCC-32.768E","884/633020629848","1","20200319","4000","0.4830","USD","SS","NONEDISITIME","202003","0.3780"," USD",""
"ARROW","ARROW ELECTRONICS TAIWAN LTD.","6888","2129577","DONGGUAN PRIMAX ELECTRONIC & TELECO","HK","SIT1533AI-H4-DCC-32.768E","SIT1533AI-H4-DCC-32.768E","884/633020627614","2","20200313","5000","0.4830","USD","SS","NONEDISITIME","202003","0.3780"," USD",""
"ARROW","ARROW ELECTRONICS TAIWAN LTD.","6888","2129577","DONGGUAN PRIMAX ELECTRONIC & TELECO","HK","SIT1533AI-H4-DCC-32.768E","SIT1533AI-H4-DCC-32.768E","884/633020627614","1","20200313","4000","0.4830","USD","SS","NONEDISITIME","202003","0.3780"," USD",""
"ARROW","ARROW ELECTRONICS TAIWAN LTD.","6889","2163312","PEGATRON CORPORATION","CN","SIT1562AI-JE-DCC-32.768Q","SIT1562AI-JE-DCC-32.768Q","884/633020629717","1","20200318","65000","0.3437","USD","SS","NONEDISITIME","202003","0.3282"," USD",""
"ARROW","ARROW ELECTRONICS TAIWAN LTD.","6889","2163312","PEGATRON CORPORATION","CN","SIT1570AI-J7-DCC-32.768Q","SIT1570AI-J7-DCC-32.768Q","884/633020624798","1","20200306","40000","0.1636","USD","SS","NONEDISITIME","202003","0.1579"," USD",""
"ARROW","ARROW ELECTRONICS TAIWAN LTD.","6889","2163312","PEGATRON CORPORATION","CN","SIT1562AI-JE-DCC-32.768Q","SIT1562AI-JE-DCC-32.768Q","884/633020620136","1","20200225","10000","0.3437","USD","SS","NONEDISITIME","202003","0.3282"," USD",""
"ARROW","ARROW ELECTRONICS TAIWAN LTD.","6889","2163312","PEGATRON CORPORATION","CN","SIT1570AI-J7-DCC-32.768Q","SIT1570AI-J7-DCC-32.768Q","884/633020628358","1","20200316","50000","0.1636","USD","SS","NONEDISITIME","202003","0.1579"," USD",""
"ARROW","ARROW ELECTRONICS TAIWAN LTD.","6889","2119799","WISTRON INFOCOMM MANUFACTURING (KUN","CN","SIT1570AI-J7-DCC-32.768E","SIT1570AI-J7-DCC-32.768E","884/633020633330","2","20200326","100000","0.1636","USD","SS","NONEDISITIME","202003","0.1579"," USD",""
"ARROW","ARROW ELECTRONICS TAIWAN LTD.","6889","2163312","PEGATRON CORPORATION","CN","SIT1562AI-JE-DCC-32.768Q","SIT1562AI-JE-DCC-32.768Q","884/633020634615","1","20200327","110000","0.3437","USD","SS","NONEDISITIME","202003","0.3281"," USD",""
"ARROW","ARROW ELECTRONICS TAIWAN LTD.","6889","2163312","PEGATRON CORPORATION","CN","SIT1562AI-JE-DCC-32.768Q","SIT1562AI-JE-DCC-32.768Q","884/633020626882","1","20200311","20000","0.3437","USD","SS","NONEDISITIME","202003","0.3282"," USD",""
"ARROW","ARROW ELECTRONICS TAIWAN LTD.","6889","2163312","PEGATRON CORPORATION","CN","SIT1562AI-JE-DCC-32.768Q","SIT1562AI-JE-DCC-32.768Q","884/633020623681","1","20200304","80000","0.3437","USD","SS","NONEDISITIME","202003","0.3282"," USD",""
"ARROW","ARROW ELECTRONICS TAIWAN LTD.","6889","2119799","WISTRON INFOCOMM MANUFACTURING (KUN","CN","SIT1562AI-JE-DCC-32.768Q","SIT1562AI-JE-DCC-32.768Q","884/633020633330","1","20200326","70000","0.3437","USD","SS","NONEDISITIME","202003","0.3282"," USD",""
"ARROW","ARROW ELECTRONICS TAIWAN LTD.","6889","2119799","WISTRON INFOCOMM MANUFACTURING (KUN","CN","SIT1570AI-J7-DCC-32.768E","SIT1570AI-J7-DCC-32.768E","884/633020629948","2","20200319","110000","0.1636","USD","SS","NONEDISITIME","202003","0.1579"," USD",""
"ARROW","ARROW ELECTRONICS TAIWAN LTD.","6889","2119799","WISTRON INFOCOMM MANUFACTURING (KUN","CN","SIT1562AI-JE-DCC-32.768Q","SIT1562AI-JE-DCC-32.768Q","884/633020629948","1","20200319","70000","0.3437","USD","SS","NONEDISITIME","202003","0.3282"," USD",""
"ARROW","ARROW ELECTRONICS TAIWAN LTD.","6889","2119799","WISTRON INFOCOMM MANUFACTURING (KUN","CN","SIT1562AI-JE-DCC-32.768Q","SIT1562AI-JE-DCC-32.768Q","884/633020629947","1","20200319","50000","0.3437","USD","SS","NONEDISITIME","202003","0.3282"," USD",""
"ARROW","ARROW ELECTRONICS TAIWAN LTD.","6889","2163312","PEGATRON CORPORATION","CN","SIT1562AI-JE-DCC-32.768Q","SIT1562AI-JE-DCC-32.768Q","884/633020634614","1","20200327","10000","0.3437","USD","SS","NONEDISITIME","202003","0.3281"," USD",""
"ARROW","ARROW ELECTRONICS TAIWAN LTD.","6889","2163312","PEGATRON CORPORATION","CN","SIT1570AI-J7-DCC-32.768Q","SIT1570AI-J7-DCC-32.768Q","884/633020627916","1","20200313","60000","0.1636","USD","SS","NONEDISITIME","202003","0.1579"," USD",""
"ARROW","ARROW ELECTRONICS TAIWAN LTD.","6889","2163312","PEGATRON CORPORATION","CN","SIT1570AI-J7-DCC-32.768Q","SIT1570AI-J7-DCC-32.768Q","884/633020624443","1","20200305","110000","0.1636","USD","SS","NONEDISITIME","202003","0.1579"," USD",""
"ARROW","ARROW ASIA PAC LIMITED","6901","2246364","XIAN NOVASTAR TECH CO.,LTD.","HK","SIT9201AI-S2-33E-50.000000E","SIT9201AI-S2-33E-50.000000E","293/605021966594","1","20200317","6000","0.2400","USD","SS","NONEDISITIME","202003","0.2200"," USD",""
"ARROW","ARROW ASIA PAC LIMITED","6901","2246364","XIAN NOVASTAR TECH CO.,LTD.","HK","SIT9201AI-S2-33E-25.000000E","SIT9201AI-S2-33E-25.000000E","293/605021951407","1","20200305","6000","0.2400","USD","SS","NONEDISITIME","202003","0.2150"," USD",""
"ARROW","ARROW ASIA PAC LIMITED","6901","2246364","XIAN NOVASTAR TECH CO.,LTD.","HK","SIT9201AI-S2-33E-50.000000E","SIT9201AI-S2-33E-50.000000E","293/605021951405","1","20200305","6000","0.2400","USD","SS","NONEDISITIME","202003","0.2200"," USD",""
"ARROW","ARROW ELECTRONICS ASIA (S) PTE. LTD","6988","2115999","SHIMADZU (ASIA PACIFIC) PTE LTD","SG","SIT8103AC-33-33E-24.00000Y","SIT8103AC-33-33E-24.00000Y","269/785020163849","1","20200225","1000","0.5400","USD","SS","NONEDISITIME","202003","0.5000"," USD",""
"ARROW","ARROW ELECTRONICS ASIA (S) PTE. LTD","6988","2115999","SHIMADZU (ASIA PACIFIC) PTE LTD","SG","SIT8103AC-33-33E-24.00000Y","SIT8103AC-33-33E-24.00000Y","269/785020163850","1","20200225","1000","0.5400","USD","SS","NONEDISITIME","202003","0.5000"," USD",""
"ARROW","ARROW ASIA PAC LIMITED","7164","2332960","Hangzhou Longshuo Technology Co.,LT","CN","SIT1602BI-22-33E-20.000000D","SIT1602BI-22-33E-20.000000D","887/667020068969","1","20200312","3000","0.2670","USD","SS","NONEDISITIME","202003","0.2350"," USD",""
"ARROW","ARROW ASIA PAC LIMITED","7166","2212573","DASCOM Industrial(Jiangmen) Co., Lt","CN","SIT1602ACL13-33E-25.000000D","SIT1602ACL13-33E-25.000000D","887/667020069999","1","20200328","3000","0.3978","USD","SS","NONEDISITIME","202003","0.3080"," USD",""
"ARROW","ARROW ASIA PAC LIMITED","7170","2066456","SHANDONG UNIVERSITY ELECTRIC POWER ","CN","SIT5000AC2B33N025.000000Y","SIT5000AC2B33N025.000000Y","295/618020567492","1","20200307","4000","1.0658","USD","SS","NONEDISITIME","202003","0.9000"," USD",""
"ARROW","ARROW ASIA PAC LIMITED","8782","2247353","Wuxi Xinje Electric Co., Ltd.","CN","SIT1602BI-32-33E-12.000000Y","SIT1602BI-32-33E-12.000000Y","2271/669020037267","1","20200325","26000","0.3358","USD","SS","NONEDISITIME","202003","0.2800"," USD",""
"ARROW","ARROW ELECTRONICS ASIA (S) PTE. LTD","8967","2259035","BENCHMARK ELECTRONICS SINGAPORE IPO","SG","SIT1533AI-H4-DCC-32.768E","SIT1533AI-H4-DCC-32.768E","302/624021473423","1","20200307","5000","0.3810","USD","SS","NONEDISITIME","202003","0.3200"," USD",""
"ARROW","ARROW ELECTRONICS ASIA (S) PTE. LTD","8970","2259007","Flextronics Shah Alam Sdn Bhd","MY","SIT1602AC-23-33E-4.000000E","SIT1602AC-23-33E-4.000000E","302/624021478840","1","20200316","2000","0.3900","USD","SS","NONEDISITIME","202003","0.3300"," USD",""
"ARROW","ARROW ELECTRONICS ASIA (S) PTE. LTD","8970","2259007","Flextronics Shah Alam Sdn Bhd","MY","SIT1602AC-23-33E-4.000000E","SIT1602AC-23-33E-4.000000E","302/624021466584","1","20200228","2000","0.3900","USD","SS","NONEDISITIME","202003","0.3300"," USD",""
"ARROW","ARROW ELECTRONICS ASIA (S) PTE. LTD","8970","2259007","Flextronics Shah Alam Sdn Bhd","MY","SIT8208AC-GF-25E-52.000000Y","SIT8208AC-GF-25E-52.000000Y","302/624021478671","1","20200314","1000","2.3800","USD","SS","NONEDISITIME","202003","1.5500"," USD",""
"ARROW","ARROW ASIA PAC LIMITED","9176","2089725","HONOR TONE LTD","HK","SIT9003AC-24-33DD-12.00000Y","SIT9003AC-24-33DD-12.00000Y","292/604021065361","1","20200316","1000","0.5300","USD","SS","NONEDISITIME","202003","0.4500"," USD",""
"ARROW","ARROW ASIA PAC LIMITED","9176","2089725","HONOR TONE LTD","HK","SIT9003AC-24-33DD-12.00000Y","SIT9003AC-24-33DD-12.00000Y","292/604021065361","2","20200316","1000","0.5300","USD","SS","NONEDISITIME","202003","0.4500"," USD",""
"ARROW","ARROW ASIA PAC LIMITED","9176","2089725","HONOR TONE LTD","HK","SIT9003AC-24-33DD-12.00000Y","SIT9003AC-24-33DD-12.00000Y","292/604021061385","1","20200309","2000","0.5300","USD","SS","NONEDISITIME","202003","0.4500"," USD",""
"ARROW","ARROW ASIA PAC LIMITED","9288","2320576","SHENZHEN CENTURY CLOUD CORE TECHNOL","HK","SIT1602BI-22-18E-25.000000E","SIT1602BI-22-18E-25.000000E","292/604021052330","1","20200225","20000","0.1800","USD","SS","NONEDISITIME","202003","0.1650"," USD",""
"ARROW","ARROW ASIA PAC LIMITED","9288","2320576","SHENZHEN CENTURY CLOUD CORE TECHNOL","HK","SIT1602BI-22-18E-25.000000E","SIT1602BI-22-18E-25.000000E","292/604021052331","1","20200225","30000","0.1800","USD","SS","NONEDISITIME","202003","0.1650"," USD",""
"ARROW","ARROW ASIA PAC LIMITED","9291","2285417","HANGZHOU XIONGMAI TECHNOLOGY CO.,LT","HK","SIT1604AC-12-33E-27.000000D","SIT1604AC-12-33E-27.000000D","292/604021066436","1","20200317","3000","0.2850","USD","SS","NONEDISITIME","202003","0.2630"," USD",""
"ARROW","ARROW ASIA PAC LIMITED","9686","2065775","BEIJING DATANG MOBILE COMMUNICATION","CN","SIT5356AE-FP-33N0-20.000000X","SIT5356AE-FP-33N0-20.000000X","295/618020567501","1","20200307","250","11.9777","USD","SS","NONEDISITIME","202003","10.5600"," USD",""
"ARROW","ARROW ELECTRONICS TAIWAN LTD.","9716","2129657","CHICONY GLOBAL INC.","HK","SIT1552AI-JF-DCC-32.768D","SIT1552AI-JF-DCC-32.768D","884/633020628804","1","20200317","66000","0.4350","USD","SS","NONEDISITIME","202003","0.4000"," USD",""
"ARROW","ARROW ELECTRONICS TAIWAN LTD.","9716","2129657","CHICONY GLOBAL INC.","HK","SIT1552AI-JF-DCC-32.768D","SIT1552AI-JF-DCC-32.768D","884/633020628803","1","20200317","48000","0.4350","USD","SS","NONEDISITIME","202003","0.4000"," USD",""
"ARROW","ARROW ELECTRONICS ASIA (S) PTE. LTD","9764","2022106","KIMBALL ELECTRONICS (THAILAND) LIMI","TH","SIT1533AC-H5-D93-32.768E","SIT1533AC-H5-D93-32.768E","302/624021487966","1","20200325","3000","0.3410","USD","SS","NONEDISITIME","202003","0.3000"," USD",""
"ARROW","ARROW ASIA PAC LIMITED","9902","2428202","LEYARD TV TECHNOLOGY CO.,LTD","CN","SIT1602AI-22-33E-25.000000E","SIT1602AI-22-33E-25.000000E","3640/607020005056","1","20200324","10000","0.2234","USD","SS","NONEDISITIME","202003","0.1940"," USD",""
"ARROW","ARROW ASIA PAC LIMITED","9902","2428202","LEYARD TV TECHNOLOGY CO.,LTD","CN","SIT1602AI-22-33E-25.000000E","SIT1602AI-22-33E-25.000000E","3640/607020005069","1","20200325","14000","0.2243","USD","SS","NONEDISITIME","202003","0.1940"," USD",""
"ARROW","ARROW ASIA PAC LIMITED","9902","2428202","LEYARD TV TECHNOLOGY CO.,LTD","CN","SIT1602AI-22-33E-25.000000E","SIT1602AI-22-33E-25.000000E","3640/607020005054","1","20200324","30000","0.2234","USD","SS","NONEDISITIME","202003","0.1940"," USD",""
